{"chrome://browser/content/browser.xul":{"navigator-toolbox":{"iconsize":"small"},"titlebar-placeholder-on-menubar-for-caption-buttons":{"width":"100"},"titlebar-placeholder-on-TabsToolbar-for-captions-buttons":{"width":"100"},"main-window":{"screenX":"4","screenY":"4","width":"1280","height":"936","sizemode":"normal"},"sidebar-box":{"sidebarcommand":"","width":"","src":""},"sidebar-title":{"value":""}},"chrome://pippki/content/certManager.xul":{"certcol":{"ordinal":"1"},"tokencol":{"ordinal":"3"},"sitecol":{"ordinal":"3"},"lifetimecol":{"ordinal":"5"},"expiredcol":{"ordinal":"9"},"serialnumcol":{"ordinal":"5"},"issuedcol":{"ordinal":"7"},"certmanagertabs":{"selectedIndex":"3"}}}